residue_num,residues,fold_flg22_fls2ecto_full_data_1
1,Q,6.4
2,R,4.37
3,L,4.17
4,S,3.99
5,T,4.6
6,G,5.05
7,S,5.06
8,R,4.31
9,I,3.57
10,N,3.48
11,S,4.02
12,A,3.55
13,K,3.06
14,D,2.89
15,D,3.98
16,A,6.13
17,A,9.01
18,G,8.71
19,L,9.78
20,Q,10.95
21,I,12.5
22,A,15.8
