residue_num,residues,fold_flg22_fls2ecto_full_data_0
1,Q,6.44
2,R,4.66
3,L,3.9
4,S,3.7
5,T,4.45
6,G,4.99
7,S,5.12
8,R,4.4
9,I,3.5
10,N,3.49
11,S,3.89
12,A,3.51
13,K,2.99
14,D,2.92
15,D,3.66
16,A,6.13
17,A,9.03
18,G,8.95
19,L,9.81
20,Q,11.73
21,I,11.96
22,A,13.17
