residue_num,residues,fold_flg22_fls2ecto_full_data_0,fold_flg22_fls2ecto_full_data_1,fold_flg22_fls2ecto_full_data_2,fold_flg22_fls2ecto_full_data_3,fold_flg22_fls2ecto_full_data_4
1,Q,6.44,6.4,6.48,6.91,6.95
2,R,4.66,4.37,4.4,5.02,4.79
3,L,3.9,4.17,4.27,4.45,4.35
4,S,3.7,3.99,4.4,4.76,5.8
5,T,4.45,4.6,5.21,6.05,6.34
6,G,4.99,5.05,5.64,6.98,6.72
7,S,5.12,5.06,5.91,7.53,6.66
8,R,4.4,4.31,4.33,5.46,4.88
9,I,3.5,3.57,3.6,3.93,3.99
10,N,3.49,3.48,3.57,3.85,3.68
11,S,3.89,4.02,4.0,4.21,4.17
12,A,3.51,3.55,3.54,3.71,3.69
13,K,2.99,3.06,2.82,3.06,2.84
14,D,2.92,2.89,2.95,3.03,3.03
15,D,3.66,3.98,3.83,3.85,3.89
16,A,6.13,6.13,6.52,5.9,6.24
17,A,9.03,9.01,9.21,8.86,9.13
18,G,8.95,8.71,9.18,8.75,9.07
19,L,9.81,9.78,10.48,9.51,10.02
20,Q,11.73,10.95,11.69,11.39,11.91
21,I,11.96,12.5,12.24,12.37,11.69
22,A,13.17,15.8,15.41,15.9,12.95
